1,1,001,Ba Đình,quan-ba-dinh,1
2,1,002,Hoàn Kiếm,quan-hoan-kiem,2
3,1,003,Tây Hồ,quan-tay-ho,3
4,1,004,Long Biên,quan-long-bien,4
5,1,005,Cầu Giấy,quan-cau-giay,5
6,1,006,Đống Đa,quan-dong-da,6
7,1,007,Hai Bà Trưng,quan-hai-ba-trung,7
8,1,008,Hoàng Mai,quan-hoang-mai,8
9,1,009,Thanh Xuân,quan-thanh-xuan,9
10,1,016,Sóc Sơn,huyen-soc-son,16
11,1,017,Đông Anh,huyen-dong-anh,17
12,1,018,Gia Lâm,huyen-gia-lam,18
13,1,019,Nam Từ Liêm,quan-nam-tu-liem,19
14,1,020,Thanh Trì,huyen-thanh-tri,20
15,1,021,Bắc Từ Liêm,quan-bac-tu-liem,21
16,1,250,Mê Linh,huyen-me-linh,250
17,1,268,Hà Đông,quan-ha-dong,268
18,1,269,Sơn Tây,thi-xa-son-tay,269
19,1,271,Ba Vì,huyen-ba-vi,271
20,1,272,Phúc Thọ,huyen-phuc-tho,272
21,1,273,Đan Phượng,huyen-dan-phuong,273
22,1,274,Hoài Đức,huyen-hoai-duc,274
23,1,275,Quốc Oai,huyen-quoc-oai,275
24,1,276,Thạch Thất,huyen-thach-that,276
25,1,277,Chương Mỹ,huyen-chuong-my,277
26,1,278,Thanh Oai,huyen-thanh-oai,278
27,1,279,Thường Tín,huyen-thuong-tin,279
28,1,280,Phú Xuyên,huyen-phu-xuyen,280
29,1,281,Ứng Hòa,huyen-ung-hoa,281
30,1,282,Mỹ Đức,huyen-my-duc,282
31,2,024,Hà Giang,thanh-pho-ha-giang,24
32,2,026,Đồng Văn,huyen-dong-van,26
33,2,027,Mèo Vạc,huyen-meo-vac,27
34,2,028,Yên Minh,huyen-yen-minh,28
35,2,029,Quản Bạ,huyen-quan-ba,29
36,2,030,Vị Xuyên,huyen-vi-xuyen,30
37,2,031,Bắc Mê,huyen-bac-me,31
38,2,032,Hoàng Su Phì,huyen-hoang-su-phi,32
39,2,033,Xín Mần,huyen-xin-man,33
40,2,034,Bắc Quang,huyen-bac-quang,34
41,2,035,Quang Bình,huyen-quang-binh,35
42,3,040,Cao Bằng,thanh-pho-cao-bang,40
43,3,042,Bảo Lâm,huyen-bao-lam,42
44,3,043,Bảo Lạc,huyen-bao-lac,43
45,3,045,Hà Quảng,huyen-ha-quang,45
46,3,047,Trùng Khánh,huyen-trung-khanh,47
47,3,048,Hạ Lang,huyen-ha-lang,48
48,3,049,Quảng Hòa,huyen-quang-hoa,49
49,3,051,Hoà An,huyen-hoa-an,51
50,3,052,Nguyên Bình,huyen-nguyen-binh,52
id,province_id,code,name,slug,order
51,3,053,Thạch An,huyen-thach-an,53
52,4,058,Bắc Kạn,thanh-pho-bac-kan,58
53,4,060,Pác Nặm,huyen-pac-nam,60
54,4,061,Ba Bể,huyen-ba-be,61
55,4,062,Ngân Sơn,huyen-ngan-son,62
56,4,063,Bạch Thông,huyen-bach-thong,63
57,4,064,Chợ Đồn,huyen-cho-don,64
58,4,065,Chợ Mới,huyen-cho-moi,65
59,4,066,Na Rì,huyen-na-ri,66
60,5,070,Tuyên Quang,thanh-pho-tuyen-quang,70
61,5,071,Lâm Bình,huyen-lam-binh,71
62,5,072,Na Hang,huyen-na-hang,72
63,5,073,Chiêm Hóa,huyen-chiem-hoa,73
64,5,074,Hàm Yên,huyen-ham-yen,74
65,5,075,Yên Sơn,huyen-yen-son,75
66,5,076,Sơn Dương,huyen-son-duong,76
67,6,080,Lào Cai,thanh-pho-lao-cai,80
68,6,082,Bát Xát,huyen-bat-xat,82
69,6,083,Mường Khương,huyen-muong-khuong,83
70,6,084,Si Ma Cai,huyen-si-ma-cai,84
71,6,085,Bắc Hà,huyen-bac-ha,85
72,6,086,Bảo Thắng,huyen-bao-thang,86
73,6,087,Bảo Yên,huyen-bao-yen,87
74,6,088,Sa Pa,thi-xa-sa-pa,88
75,6,089,Văn Bàn,huyen-van-ban,89
76,7,094,Điện Biên Phủ,thanh-pho-dien-bien-phu,94
77,7,095,Thị Xã Mường Lay,thi-xa-muong-lay,95
78,7,096,Mường Nhé,huyen-muong-nhe,96
79,7,097,Mường Chà,huyen-muong-cha,97
80,7,098,Tủa Chùa,huyen-tua-chua,98
81,7,099,Tuần Giáo,huyen-tuan-giao,99
82,7,100,Điện Biên,huyen-dien-bien,100
83,7,101,Điện Biên Đông,huyen-dien-bien-dong,101
84,7,102,Mường Ảng,huyen-muong-ang,102
85,7,103,Nậm Pồ,huyen-nam-po,103
86,8,105,Lai Châu,thanh-pho-lai-chau,105
87,8,106,Tam Đường,huyen-tam-duong,106
88,8,107,Mường Tè,huyen-muong-te,107
89,8,108,Sìn Hồ,huyen-sin-ho,108
90,8,109,Phong Thổ,huyen-phong-tho,109
91,8,110,Than Uyên,huyen-than-uyen,110
92,8,111,Tân Uyên,huyen-tan-uyen,111
93,8,112,Nậm Nhùn,huyen-nam-nhun,112
94,9,116,Sơn La,thanh-pho-son-la,116
95,9,118,Quỳnh Nhai,huyen-quynh-nhai,118
96,9,119,Thuận Châu,huyen-thuan-chau,119
97,9,120,Mường La,huyen-muong-la,120
98,9,121,Bắc Yên,huyen-bac-yen,121
99,9,122,Phù Yên,huyen-phu-yen,122
100,9,123,Mộc Châu,huyen-moc-chau,123
id,province_id,code,name,slug,order
101,9,124,Yên Châu,huyen-yen-chau,124
102,9,125,Mai Sơn,huyen-mai-son,125
103,9,126,Sông Mã,huyen-song-ma,126
104,9,127,Sốp Cộp,huyen-sop-cop,127
105,9,128,Vân Hồ,huyen-van-ho,128
106,10,132,Yên Bái,thanh-pho-yen-bai,132
107,10,133,Nghĩa Lộ,thi-xa-nghia-lo,133
108,10,135,Lục Yên,huyen-luc-yen,135
109,10,136,Văn Yên,huyen-van-yen,136
110,10,137,Mù Căng Chải,huyen-mu-cang-chai,137
111,10,138,Trấn Yên,huyen-tran-yen,138
112,10,139,Trạm Tấu,huyen-tram-tau,139
113,10,140,Văn Chấn,huyen-van-chan,140
114,10,141,Yên Bình,huyen-yen-binh,141
115,11,148,Hòa Bình,thanh-pho-hoa-binh,148
116,11,150,Đà Bắc,huyen-da-bac,150
117,11,152,Lương Sơn,huyen-luong-son,152
118,11,153,Kim Bôi,huyen-kim-boi,153
119,11,154,Cao Phong,huyen-cao-phong,154
120,11,155,Tân Lạc,huyen-tan-lac,155
121,11,156,Mai Châu,huyen-mai-chau,156
122,11,157,Lạc Sơn,huyen-lac-son,157
123,11,158,Yên Thủy,huyen-yen-thuy,158
124,11,159,Lạc Thủy,huyen-lac-thuy,159
125,12,164,Thái Nguyên,thanh-pho-thai-nguyen,164
126,12,165,Sông Công,thanh-pho-song-cong,165
127,12,167,Định Hóa,huyen-dinh-hoa,167
128,12,168,Phú Lương,huyen-phu-luong,168
129,12,169,Đồng Hỷ,huyen-dong-hy,169
130,12,170,Võ Nhai,huyen-vo-nhai,170
131,12,171,Đại Từ,huyen-dai-tu,171
132,12,172,Phổ Yên,thi-xa-pho-yen,172
133,12,173,Phú Bình,huyen-phu-binh,173
134,13,178,Lạng Sơn,thanh-pho-lang-son,178
135,13,180,Tràng Định,huyen-trang-dinh,180
136,13,181,Bình Gia,huyen-binh-gia,181
137,13,182,Văn Lãng,huyen-van-lang,182
138,13,183,Cao Lộc,huyen-cao-loc,183
139,13,184,Văn Quan,huyen-van-quan,184
140,13,185,Bắc Sơn,huyen-bac-son,185
141,13,186,Hữu Lũng,huyen-huu-lung,186
142,13,187,Chi Lăng,huyen-chi-lang,187
143,13,188,Lộc Bình,huyen-loc-binh,188
144,13,189,Đình Lập,huyen-dinh-lap,189
145,14,193,Hạ Long,thanh-pho-ha-long,193
146,14,194,Móng Cái,thanh-pho-mong-cai,194
147,14,195,Cẩm Phả,thanh-pho-cam-pha,195
148,14,196,Uông Bí,thanh-pho-uong-bi,196
149,14,198,Bình Liêu,huyen-binh-lieu,198
150,14,199,Tiên Yên,huyen-tien-yen,199
id,province_id,code,name,slug,order
151,14,200,Đầm Hà,huyen-dam-ha,200
152,14,201,Hải Hà,huyen-hai-ha,201
153,14,202,Ba Chẽ,huyen-ba-che,202
154,14,203,Vân Đồn,huyen-van-don,203
155,14,205,Đông Triều,thi-xa-dong-trieu,205
156,14,206,Quảng Yên,thi-xa-quang-yen,206
157,14,207,Cô Tô,huyen-co-to,207
158,15,213,Bắc Giang,thanh-pho-bac-giang,213
159,15,215,Yên Thế,huyen-yen-the,215
160,15,216,Tân Yên,huyen-tan-yen,216
161,15,217,Lạng Giang,huyen-lang-giang,217
162,15,218,Lục Nam,huyen-luc-nam,218
163,15,219,Lục Ngạn,huyen-luc-ngan,219
164,15,220,Sơn Động,huyen-son-dong,220
165,15,221,Yên Dũng,huyen-yen-dung,221
166,15,222,Việt Yên,huyen-viet-yen,222
167,15,223,Hiệp Hòa,huyen-hiep-hoa,223
168,16,227,Việt Trì,thanh-pho-viet-tri,227
169,16,228,Phú Thọ,thi-xa-phu-tho,228
170,16,230,Đoan Hùng,huyen-doan-hung,230
171,16,231,Hạ Hoà,huyen-ha-hoa,231
172,16,232,Thanh Ba,huyen-thanh-ba,232
173,16,233,Phù Ninh,huyen-phu-ninh,233
174,16,234,Yên Lập,huyen-yen-lap,234
175,16,235,Cẩm Khê,huyen-cam-khe,235
176,16,236,Tam Nông,huyen-tam-nong,236
177,16,237,Lâm Thao,huyen-lam-thao,237
178,16,238,Thanh Sơn,huyen-thanh-son,238
179,16,239,Thanh Thuỷ,huyen-thanh-thuy,239
180,16,240,Tân Sơn,huyen-tan-son,240
181,17,243,Vĩnh Yên,thanh-pho-vinh-yen,243
182,17,244,Phúc Yên,thanh-pho-phuc-yen,244
183,17,246,Lập Thạch,huyen-lap-thach,246
184,17,247,Tam Dương,huyen-tam-duong,247
185,17,248,Tam Đảo,huyen-tam-dao,248
186,17,249,Bình Xuyên,huyen-binh-xuyen,249
187,17,251,Yên Lạc,huyen-yen-lac,251
188,17,252,Vĩnh Tường,huyen-vinh-tuong,252
189,17,253,Sông Lô,huyen-song-lo,253
190,18,256,Bắc Ninh,thanh-pho-bac-ninh,256
191,18,258,Yên Phong,huyen-yen-phong,258
192,18,259,Quế Võ,huyen-que-vo,259
193,18,260,Tiên Du,huyen-tien-du,260
194,18,261,Từ Sơn,thanh-pho-tu-son,261
195,18,262,Thuận Thành,huyen-thuan-thanh,262
196,18,263,Gia Bình,huyen-gia-binh,263
197,18,264,Lương Tài,huyen-luong-tai,264
198,19,288,Hải Dương,thanh-pho-hai-duong,288
199,19,290,Chí Linh,thanh-pho-chi-linh,290
200,19,291,Nam Sách,huyen-nam-sach,291
id,province_id,code,name,slug,order
201,19,292,Kinh Môn,thi-xa-kinh-mon,292
202,19,293,Kim Thành,huyen-kim-thanh,293
203,19,294,Thanh Hà,huyen-thanh-ha,294
204,19,295,Cẩm Giàng,huyen-cam-giang,295
205,19,296,Bình Giang,huyen-binh-giang,296
206,19,297,Gia Lộc,huyen-gia-loc,297
207,19,298,Tứ Kỳ,huyen-tu-ky,298
208,19,299,Ninh Giang,huyen-ninh-giang,299
209,19,300,Thanh Miện,huyen-thanh-mien,300
210,20,303,Hồng Bàng,quan-hong-bang,303
211,20,304,Ngô Quyền,quan-ngo-quyen,304
212,20,305,Lê Chân,quan-le-chan,305
213,20,306,Hải An,quan-hai-an,306
214,20,307,Kiến An,quan-kien-an,307
215,20,308,Đồ Sơn,quan-do-son,308
216,20,309,Dương Kinh,quan-duong-kinh,309
217,20,311,Thuỷ Nguyên,huyen-thuy-nguyen,311
218,20,312,An Dương,huyen-an-duong,312
219,20,313,An Lão,huyen-an-lao,313
220,20,314,Kiến Thuỵ,huyen-kien-thuy,314
221,20,315,Tiên Lãng,huyen-tien-lang,315
222,20,316,Vĩnh Bảo,huyen-vinh-bao,316
223,20,317,Cát Hải,huyen-cat-hai,317
224,20,318,Bạch Long Vĩ,huyen-bach-long-vi,318
225,21,323,Hưng Yên,thanh-pho-hung-yen,323
226,21,325,Văn Lâm,huyen-van-lam,325
227,21,326,Văn Giang,huyen-van-giang,326
228,21,327,Yên Mỹ,huyen-yen-my,327
229,21,328,Mỹ Hào,thi-xa-my-hao,328
230,21,329,Ân Thi,huyen-an-thi,329
231,21,330,Khoái Châu,huyen-khoai-chau,330
232,21,331,Kim Động,huyen-kim-dong,331
233,21,332,Tiên Lữ,huyen-tien-lu,332
234,21,333,Phù Cừ,huyen-phu-cu,333
235,22,336,Thái Bình,thanh-pho-thai-binh,336
236,22,338,Quỳnh Phụ,huyen-quynh-phu,338
237,22,339,Hưng Hà,huyen-hung-ha,339
238,22,340,Đông Hưng,huyen-dong-hung,340
239,22,341,Thái Thụy,huyen-thai-thuy,341
240,22,342,Tiền Hải,huyen-tien-hai,342
241,22,343,Kiến Xương,huyen-kien-xuong,343
242,22,344,Vũ Thư,huyen-vu-thu,344
243,23,347,Phủ Lý,thanh-pho-phu-ly,347
244,23,349,Duy Tiên,thi-xa-duy-tien,349
245,23,350,Kim Bảng,huyen-kim-bang,350
246,23,351,Thanh Liêm,huyen-thanh-liem,351
247,23,352,Bình Lục,huyen-binh-luc,352
248,23,353,Lý Nhân,huyen-ly-nhan,353
249,24,356,Nam Định,thanh-pho-nam-dinh,356
250,24,358,Mỹ Lộc,huyen-my-loc,358
id,province_id,code,name,slug,order
251,24,359,Vụ Bản,huyen-vu-ban,359
252,24,360,Ý Yên,huyen-y-yen,360
253,24,361,Nghĩa Hưng,huyen-nghia-hung,361
254,24,362,Nam Trực,huyen-nam-truc,362
255,24,363,Trực Ninh,huyen-truc-ninh,363
256,24,364,Xuân Trường,huyen-xuan-truong,364
257,24,365,Giao Thủy,huyen-giao-thuy,365
258,24,366,Hải Hậu,huyen-hai-hau,366
259,25,369,Ninh Bình,thanh-pho-ninh-binh,369
260,25,370,Tam Điệp,thanh-pho-tam-diep,370
261,25,372,Nho Quan,huyen-nho-quan,372
262,25,373,Gia Viễn,huyen-gia-vien,373
263,25,374,Hoa Lư,huyen-hoa-lu,374
264,25,375,Yên Khánh,huyen-yen-khanh,375
265,25,376,Kim Sơn,huyen-kim-son,376
266,25,377,Yên Mô,huyen-yen-mo,377
267,26,380,Thanh Hóa,thanh-pho-thanh-hoa,380
268,26,381,Bỉm Sơn,thi-xa-bim-son,381
269,26,382,Sầm Sơn,thanh-pho-sam-son,382
270,26,384,Mường Lát,huyen-muong-lat,384
271,26,385,Quan Hóa,huyen-quan-hoa,385
272,26,386,Bá Thước,huyen-ba-thuoc,386
273,26,387,Quan Sơn,huyen-quan-son,387
274,26,388,Lang Chánh,huyen-lang-chanh,388
275,26,389,Ngọc Lặc,huyen-ngoc-lac,389
276,26,390,Cẩm Thủy,huyen-cam-thuy,390
277,26,391,Thạch Thành,huyen-thach-thanh,391
278,26,392,Hà Trung,huyen-ha-trung,392
279,26,393,Vĩnh Lộc,huyen-vinh-loc,393
280,26,394,Yên Định,huyen-yen-dinh,394
281,26,395,Thọ Xuân,huyen-tho-xuan,395
282,26,396,Thường Xuân,huyen-thuong-xuan,396
283,26,397,Triệu Sơn,huyen-trieu-son,397
284,26,398,Thiệu Hóa,huyen-thieu-hoa,398
285,26,399,Hoằng Hóa,huyen-hoang-hoa,399
286,26,400,Hậu Lộc,huyen-hau-loc,400
287,26,401,Nga Sơn,huyen-nga-son,401
288,26,402,Như Xuân,huyen-nhu-xuan,402
289,26,403,Như Thanh,huyen-nhu-thanh,403
290,26,404,Nông Cống,huyen-nong-cong,404
291,26,405,Đông Sơn,huyen-dong-son,405
292,26,406,Quảng Xương,huyen-quang-xuong,406
293,26,407,Nghi Sơn,thi-xa-nghi-son,407
294,27,412,Vinh,thanh-pho-vinh,412
295,27,413,Cửa Lò,thi-xa-cua-lo,413
296,27,414,Thái Hoà,thi-xa-thai-hoa,414
297,27,415,Quế Phong,huyen-que-phong,415
298,27,416,Quỳ Châu,huyen-quy-chau,416
299,27,417,Kỳ Sơn,huyen-ky-son,417
300,27,418,Tương Dương,huyen-tuong-duong,418
id,province_id,code,name,slug,order
301,27,419,Nghĩa Đàn,huyen-nghia-dan,419
302,27,420,Quỳ Hợp,huyen-quy-hop,420
303,27,421,Quỳnh Lưu,huyen-quynh-luu,421
304,27,422,Con Cuông,huyen-con-cuong,422
305,27,423,Tân Kỳ,huyen-tan-ky,423
306,27,424,Anh Sơn,huyen-anh-son,424
307,27,425,Diễn Châu,huyen-dien-chau,425
308,27,426,Yên Thành,huyen-yen-thanh,426
309,27,427,Đô Lương,huyen-do-luong,427
310,27,428,Thanh Chương,huyen-thanh-chuong,428
311,27,429,Nghi Lộc,huyen-nghi-loc,429
312,27,430,Nam Đàn,huyen-nam-dan,430
313,27,431,Hưng Nguyên,huyen-hung-nguyen,431
314,27,432,Hoàng Mai,thi-xa-hoang-mai,432
315,28,436,Hà Tĩnh,thanh-pho-ha-tinh,436
316,28,437,Hồng Lĩnh,thi-xa-hong-linh,437
317,28,439,Hương Sơn,huyen-huong-son,439
318,28,440,Đức Thọ,huyen-duc-tho,440
319,28,441,Vũ Quang,huyen-vu-quang,441
320,28,442,Nghi Xuân,huyen-nghi-xuan,442
321,28,443,Can Lộc,huyen-can-loc,443
322,28,444,Hương Khê,huyen-huong-khe,444
323,28,445,Thạch Hà,huyen-thach-ha,445
324,28,446,Cẩm Xuyên,huyen-cam-xuyen,446
325,28,447,Kỳ Anh,huyen-ky-anh,447
326,28,448,Lộc Hà,huyen-loc-ha,448
327,28,449,Kỳ Anh,thi-xa-ky-anh,449
328,29,450,Đồng Hới,thanh-pho-dong-hoi,450
329,29,452,Minh Hóa,huyen-minh-hoa,452
330,29,453,Tuyên Hóa,huyen-tuyen-hoa,453
331,29,454,Quảng Trạch,huyen-quang-trach,454
332,29,455,Bố Trạch,huyen-bo-trach,455
333,29,456,Quảng Ninh,huyen-quang-ninh,456
334,29,457,Lệ Thủy,huyen-le-thuy,457
335,29,458,Ba Đồn,thi-xa-ba-don,458
336,30,461,Đông Hà,thanh-pho-dong-ha,461
337,30,462,Quảng Trị,thi-xa-quang-tri,462
338,30,464,Vĩnh Linh,huyen-vinh-linh,464
339,30,465,Hướng Hóa,huyen-huong-hoa,465
340,30,466,Gio Linh,huyen-gio-linh,466
341,30,467,Đa Krông,huyen-da-krong,467
342,30,468,Cam Lộ,huyen-cam-lo,468
343,30,469,Triệu Phong,huyen-trieu-phong,469
344,30,470,Hải Lăng,huyen-hai-lang,470
345,30,471,Cồn Cỏ,huyen-con-co,471
346,31,474,Huế,thanh-pho-hue,474
347,31,476,Phong Điền,huyen-phong-dien,476
348,31,477,Quảng Điền,huyen-quang-dien,477
349,31,478,Phú Vang,huyen-phu-vang,478
350,31,479,Hương Thủy,thi-xa-huong-thuy,479
351,31,480,Hương Trà,thi-xa-huong-tra,480
352,31,481,A Lưới,huyen-a-luoi,481
353,31,482,Phú Lộc,huyen-phu-loc,482
354,31,483,Nam Đông,huyen-nam-dong,483
355,32,490,Liên Chiểu,quan-lien-chieu,490
356,32,491,Thanh Khê,quan-thanh-khe,491
357,32,492,Hải Châu,quan-hai-chau,492
358,32,493,Sơn Trà,quan-son-tra,493
359,32,494,Ngũ Hành Sơn,quan-ngu-hanh-son,494
360,32,495,Cẩm Lệ,quan-cam-le,495
361,32,497,Hòa Vang,huyen-hoa-vang,497
362,32,498,Hoàng Sa,huyen-hoang-sa,498
363,33,502,Tam Kỳ,thanh-pho-tam-ky,502
364,33,503,Hội An,thanh-pho-hoi-an,503
365,33,504,Tây Giang,huyen-tay-giang,504
366,33,505,Đông Giang,huyen-dong-giang,505
367,33,506,Đại Lộc,huyen-dai-loc,506
368,33,507,Điện Bàn,thi-xa-dien-ban,507
369,33,508,Duy Xuyên,huyen-duy-xuyen,508
370,33,509,Quế Sơn,huyen-que-son,509
371,33,510,Nam Giang,huyen-nam-giang,510
372,33,511,Phước Sơn,huyen-phuoc-son,511
373,33,512,Hiệp Đức,huyen-hiep-duc,512
374,33,513,Thăng Bình,huyen-thang-binh,513
375,33,514,Tiên Phước,huyen-tien-phuoc,514
376,33,515,Bắc Trà My,huyen-bac-tra-my,515
377,33,516,Nam Trà My,huyen-nam-tra-my,516
378,33,517,Núi Thành,huyen-nui-thanh,517
379,33,518,Phú Ninh,huyen-phu-ninh,518
380,33,519,Nông Sơn,huyen-nong-son,519
381,34,522,Quảng Ngãi,thanh-pho-quang-ngai,522
382,34,524,Bình Sơn,huyen-binh-son,524
383,34,525,Trà Bồng,huyen-tra-bong,525
384,34,527,Sơn Tịnh,huyen-son-tinh,527
385,34,528,Tư Nghĩa,huyen-tu-nghia,528
386,34,529,Sơn Hà,huyen-son-ha,529
387,34,530,Sơn Tây,huyen-son-tay,530
388,34,531,Minh Long,huyen-minh-long,531
389,34,532,Nghĩa Hành,huyen-nghia-hanh,532
390,34,533,Mộ Đức,huyen-mo-duc,533
391,34,534,Đức Phổ,thi-xa-duc-pho,534
392,34,535,Ba Tơ,huyen-ba-to,535
393,34,536,Lý Sơn,huyen-ly-son,536
394,35,540,Quy Nhơn,thanh-pho-quy-nhon,540
395,35,542,An Lão,huyen-an-lao,542
396,35,543,Hoài Nhơn,thi-xa-hoai-nhon,543
397,35,544,Hoài Ân,huyen-hoai-an,544
398,35,545,Phù Mỹ,huyen-phu-my,545
399,35,546,Vĩnh Thạnh,huyen-vinh-thanh,546
400,35,547,Tây Sơn,huyen-tay-son,547
401,35,548,Phù Cát,huyen-phu-cat,548
402,35,549,An Nhơn,thi-xa-an-nhon,549
403,35,550,Tuy Phước,huyen-tuy-phuoc,550
404,35,551,Vân Canh,huyen-van-canh,551
405,36,555,Tuy Hoà,thanh-pho-tuy-hoa,555
406,36,557,Sông Cầu,thi-xa-song-cau,557
407,36,558,Đồng Xuân,huyen-dong-xuan,558
408,36,559,Tuy An,huyen-tuy-an,559
409,36,560,Sơn Hòa,huyen-son-hoa,560
410,36,561,Sông Hinh,huyen-song-hinh,561
411,36,562,Tây Hoà,huyen-tay-hoa,562
412,36,563,Phú Hoà,huyen-phu-hoa,563
413,36,564,Đông Hòa,thi-xa-dong-hoa,564
414,37,568,Nha Trang,thanh-pho-nha-trang,568
415,37,569,Cam Ranh,thanh-pho-cam-ranh,569
416,37,570,Cam Lâm,huyen-cam-lam,570
417,37,571,Vạn Ninh,huyen-van-ninh,571
418,37,572,Ninh Hòa,thi-xa-ninh-hoa,572
419,37,573,Khánh Vĩnh,huyen-khanh-vinh,573
420,37,574,Diên Khánh,huyen-dien-khanh,574
421,37,575,Khánh Sơn,huyen-khanh-son,575
422,37,576,Trường Sa,huyen-truong-sa,576
423,38,582,Phan Rang-Tháp Chàm,thanh-pho-phan-rang-thap-cham,582
424,38,584,Bác Ái,huyen-bac-ai,584
425,38,585,Ninh Sơn,huyen-ninh-son,585
426,38,586,Ninh Hải,huyen-ninh-hai,586
427,38,587,Ninh Phước,huyen-ninh-phuoc,587
428,38,588,Thuận Bắc,huyen-thuan-bac,588
429,38,589,Thuận Nam,huyen-thuan-nam,589
430,39,593,Phan Thiết,thanh-pho-phan-thiet,593
431,39,594,La Gi,thi-xa-la-gi,594
432,39,595,Tuy Phong,huyen-tuy-phong,595
433,39,596,Bắc Bình,huyen-bac-binh,596
434,39,597,Hàm Thuận Bắc,huyen-ham-thuan-bac,597
435,39,598,Hàm Thuận Nam,huyen-ham-thuan-nam,598
436,39,599,Tánh Linh,huyen-tanh-linh,599
437,39,600,Đức Linh,huyen-duc-linh,600
438,39,601,Hàm Tân,huyen-ham-tan,601
439,39,602,Phú Quí,huyen-phu-qui,602
440,40,608,Kon Tum,thanh-pho-kon-tum,608
441,40,610,Đắk Glei,huyen-dak-glei,610
442,40,611,Ngọc Hồi,huyen-ngoc-hoi,611
443,40,612,Đắk Tô,huyen-dak-to,612
444,40,613,Kon Plông,huyen-kon-plong,613
445,40,614,Kon Rẫy,huyen-kon-ray,614
446,40,615,Đắk Hà,huyen-dak-ha,615
447,40,616,Sa Thầy,huyen-sa-thay,616
448,40,617,Tu Mơ Rông,huyen-tu-mo-rong,617
449,40,618,Ia H Drai,huyen-ia-h--drai,618
450,41,622,Pleiku,thanh-pho-pleiku,622
451,41,623,An Khê,thi-xa-an-khe,623
452,41,624,Ayun Pa,thi-xa-ayun-pa,624
453,41,625,KBang,huyen-kbang,625
454,41,626,Đăk Đoa,huyen-dak-doa,626
455,41,627,Chư Păh,huyen-chu-pah,627
456,41,628,Ia Grai,huyen-ia-grai,628
457,41,629,Mang Yang,huyen-mang-yang,629
458,41,630,Kông Chro,huyen-kong-chro,630
459,41,631,Đức Cơ,huyen-duc-co,631
460,41,632,Chư Prông,huyen-chu-prong,632
461,41,633,Chư Sê,huyen-chu-se,633
462,41,634,Đăk Pơ,huyen-dak-po,634
463,41,635,Ia Pa,huyen-ia-pa,635
464,41,637,Krông Pa,huyen-krong-pa,637
465,41,638,Phú Thiện,huyen-phu-thien,638
466,41,639,Chư Pưh,huyen-chu-puh,639
467,42,643,Buôn Ma Thuột,thanh-pho-buon-ma-thuot,643
468,42,644,Thị Xã Buôn Hồ,thi-xa-buon-ho,644
469,42,645,Ea Hleo,huyen-ea-h-leo,645
470,42,646,Ea Súp,huyen-ea-sup,646
471,42,647,Buôn Đôn,huyen-buon-don,647
472,42,648,Cư Mgar,huyen-cu-m-gar,648
473,42,649,Krông Búk,huyen-krong-buk,649
474,42,650,Krông Năng,huyen-krong-nang,650
475,42,651,Ea Kar,huyen-ea-kar,651
476,42,652,MĐrắk,huyen-m-drak,652
477,42,653,Krông Bông,huyen-krong-bong,653
478,42,654,Krông Pắc,huyen-krong-pac,654
479,42,655,Krông A Na,huyen-krong-a-na,655
480,42,656,Lắk,huyen-lak,656
481,42,657,Cư Kuin,huyen-cu-kuin,657
482,43,660,Gia Nghĩa,thanh-pho-gia-nghia,660
483,43,661,Đăk Glong,huyen-dak-glong,661
484,43,662,Cư Jút,huyen-cu-jut,662
485,43,663,Đắk Mil,huyen-dak-mil,663
486,43,664,Krông Nô,huyen-krong-no,664
487,43,665,Đắk Song,huyen-dak-song,665
488,43,666,Đắk RLấp,huyen-dak-r-lap,666
489,43,667,Tuy Đức,huyen-tuy-duc,667
490,44,672,Đà Lạt,thanh-pho-da-lat,672
491,44,673,Bảo Lộc,thanh-pho-bao-loc,673
492,44,674,Đam Rông,huyen-dam-rong,674
493,44,675,Lạc Dương,huyen-lac-duong,675
494,44,676,Lâm Hà,huyen-lam-ha,676
495,44,677,Đơn Dương,huyen-don-duong,677
496,44,678,Đức Trọng,huyen-duc-trong,678
497,44,679,Di Linh,huyen-di-linh,679
498,44,680,Bảo Lâm,huyen-bao-lam,680
499,44,681,Đạ Huoai,huyen-da-huoai,681
500,44,682,Đạ Tẻh,huyen-da-teh,682
501,44,683,Cát Tiên,huyen-cat-tien,683
501,44,683,Cát Tiên,huyen-cat-tien,683
501,44,683,Cát Tiên,huyen-cat-tien,683
502,45,688,Phước Long,thi-xa-phuoc-long,688
503,45,689,Đồng Xoài,thanh-pho-dong-xoai,689
504,45,690,Bình Long,thi-xa-binh-long,690
505,45,691,Bù Gia Mập,huyen-bu-gia-map,691
506,45,692,Lộc Ninh,huyen-loc-ninh,692
507,45,693,Bù Đốp,huyen-bu-dop,693
508,45,694,Hớn Quản,huyen-hon-quan,694
509,45,695,Đồng Phú,huyen-dong-phu,695
510,45,696,Bù Đăng,huyen-bu-dang,696
511,45,697,Chơn Thành,huyen-chon-thanh,697
512,45,698,Phú Riềng,huyen-phu-rieng,698
513,46,703,Tây Ninh,thanh-pho-tay-ninh,703
514,46,705,Tân Biên,huyen-tan-bien,705
515,46,706,Tân Châu,huyen-tan-chau,706
516,46,707,Dương Minh Châu,huyen-duong-minh-chau,707
517,46,708,Châu Thành,huyen-chau-thanh,708
518,46,709,Hòa Thành,thi-xa-hoa-thanh,709
519,46,710,Gò Dầu,huyen-go-dau,710
520,46,711,Bến Cầu,huyen-ben-cau,711
521,46,712,Trảng Bàng,thi-xa-trang-bang,712
522,47,718,Thủ Dầu Một,thanh-pho-thu-dau-mot,718
523,47,719,Bàu Bàng,huyen-bau-bang,719
524,47,720,Dầu Tiếng,huyen-dau-tieng,720
525,47,721,Bến Cát,thi-xa-ben-cat,721
526,47,722,Phú Giáo,huyen-phu-giao,722
527,47,723,Tân Uyên,thi-xa-tan-uyen,723
528,47,724,Dĩ An,thanh-pho-di-an,724
529,47,725,Thuận An,thanh-pho-thuan-an,725
530,47,726,Bắc Tân Uyên,huyen-bac-tan-uyen,726
531,48,731,Biên Hòa,thanh-pho-bien-hoa,731
532,48,732,Long Khánh,thanh-pho-long-khanh,732
533,48,734,Tân Phú,huyen-tan-phu,734
534,48,735,Vĩnh Cửu,huyen-vinh-cuu,735
535,48,736,Định Quán,huyen-dinh-quan,736
536,48,737,Trảng Bom,huyen-trang-bom,737
537,48,738,Thống Nhất,huyen-thong-nhat,738
538,48,739,Cẩm Mỹ,huyen-cam-my,739
539,48,740,Long Thành,huyen-long-thanh,740
540,48,741,Xuân Lộc,huyen-xuan-loc,741
541,48,742,Nhơn Trạch,huyen-nhon-trach,742
542,49,747,Vũng Tàu,thanh-pho-vung-tau,747
543,49,748,Bà Rịa,thanh-pho-ba-ria,748
544,49,750,Châu Đức,huyen-chau-duc,750
545,49,751,Xuyên Mộc,huyen-xuyen-moc,751
546,49,752,Long Điền,huyen-long-dien,752
547,49,753,Đất Đỏ,huyen-dat-do,753
548,49,754,Phú Mỹ,thi-xa-phu-my,754
549,49,755,Côn Đảo,huyen-con-dao,755
550,50,760,1,quan-1,760
551,50,761,12,quan-12,761
552,50,764,Gò Vấp,quan-go-vap,764
553,50,765,Bình Thạnh,quan-binh-thanh,765
554,50,766,Tân Bình,quan-tan-binh,766
555,50,767,Tân Phú,quan-tan-phu,767
556,50,768,Phú Nhuận,quan-phu-nhuan,768
557,50,769,Thủ Đức,thanh-pho-thu-duc,769
558,50,770,3,quan-3,770
559,50,771,10,quan-10,771
560,50,772,11,quan-11,772
561,50,773,4,quan-4,773
562,50,774,5,quan-5,774
563,50,775,6,quan-6,775
564,50,776,8,quan-8,776
565,50,777,Bình Tân,quan-binh-tan,777
566,50,778,7,quan-7,778
567,50,783,Củ Chi,huyen-cu-chi,783
568,50,784,Hóc Môn,huyen-hoc-mon,784
569,50,785,Bình Chánh,huyen-binh-chanh,785
570,50,786,Nhà Bè,huyen-nha-be,786
571,50,787,Cần Giờ,huyen-can-gio,787
572,51,794,Tân An,thanh-pho-tan-an,794
573,51,795,Kiến Tường,thi-xa-kien-tuong,795
574,51,796,Tân Hưng,huyen-tan-hung,796
575,51,797,Vĩnh Hưng,huyen-vinh-hung,797
576,51,798,Mộc Hóa,huyen-moc-hoa,798
577,51,799,Tân Thạnh,huyen-tan-thanh,799
578,51,800,Thạnh Hóa,huyen-thanh-hoa,800
579,51,801,Đức Huệ,huyen-duc-hue,801
580,51,802,Đức Hòa,huyen-duc-hoa,802
581,51,803,Bến Lức,huyen-ben-luc,803
582,51,804,Thủ Thừa,huyen-thu-thua,804
583,51,805,Tân Trụ,huyen-tan-tru,805
584,51,806,Cần Đước,huyen-can-duoc,806
585,51,807,Cần Giuộc,huyen-can-giuoc,807
586,51,808,Châu Thành,huyen-chau-thanh,808
587,52,815,Mỹ Tho,thanh-pho-my-tho,815
588,52,816,Gò Công,thi-xa-go-cong,816
589,52,817,Cai Lậy,thi-xa-cai-lay,817
590,52,818,Tân Phước,huyen-tan-phuoc,818
591,52,819,Cái Bè,huyen-cai-be,819
592,52,820,Cai Lậy,huyen-cai-lay,820
593,52,821,Châu Thành,huyen-chau-thanh,821
594,52,822,Chợ Gạo,huyen-cho-gao,822
595,52,823,Gò Công Tây,huyen-go-cong-tay,823
596,52,824,Gò Công Đông,huyen-go-cong-dong,824
597,52,825,Tân Phú Đông,huyen-tan-phu-dong,825
598,53,829,Bến Tre,thanh-pho-ben-tre,829
599,53,831,Châu Thành,huyen-chau-thanh,831
600,53,832,Chợ Lách,huyen-cho-lach,832
601,53,833,Mỏ Cày Nam,huyen-mo-cay-nam,833
602,53,834,Giồng Trôm,huyen-giong-trom,834
603,53,835,Bình Đại,huyen-binh-dai,835
604,53,836,Ba Tri,huyen-ba-tri,836
605,53,837,Thạnh Phú,huyen-thanh-phu,837
606,53,838,Mỏ Cày Bắc,huyen-mo-cay-bac,838
607,54,842,Trà Vinh,thanh-pho-tra-vinh,842
608,54,844,Càng Long,huyen-cang-long,844
609,54,845,Cầu Kè,huyen-cau-ke,845
610,54,846,Tiểu Cần,huyen-tieu-can,846
611,54,847,Châu Thành,huyen-chau-thanh,847
612,54,848,Cầu Ngang,huyen-cau-ngang,848
613,54,849,Trà Cú,huyen-tra-cu,849
614,54,850,Duyên Hải,huyen-duyen-hai,850
615,54,851,Duyên Hải,thi-xa-duyen-hai,851
616,55,855,Vĩnh Long,thanh-pho-vinh-long,855
617,55,857,Long Hồ,huyen-long-ho,857
618,55,858,Mang Thít,huyen-mang-thit,858
619,55,859,Vũng Liêm,huyen-vung-liem,859
620,55,860,Tam Bình,huyen-tam-binh,860
621,55,861,Bình Minh,thi-xa-binh-minh,861
622,55,862,Trà Ôn,huyen-tra-on,862
623,55,863,Bình Tân,huyen-binh-tan,863
624,56,866,Cao Lãnh,thanh-pho-cao-lanh,866
625,56,867,Sa Đéc,thanh-pho-sa-dec,867
626,56,868,Hồng Ngự,thanh-pho-hong-ngu,868
627,56,869,Tân Hồng,huyen-tan-hong,869
628,56,870,Hồng Ngự,huyen-hong-ngu,870
629,56,871,Tam Nông,huyen-tam-nong,871
630,56,872,Tháp Mười,huyen-thap-muoi,872
631,56,873,Cao Lãnh,huyen-cao-lanh,873
632,56,874,Thanh Bình,huyen-thanh-binh,874
633,56,875,Lấp Vò,huyen-lap-vo,875
634,56,876,Lai Vung,huyen-lai-vung,876
635,56,877,Châu Thành,huyen-chau-thanh,877
636,57,883,Long Xuyên,thanh-pho-long-xuyen,883
637,57,884,Châu Đốc,thanh-pho-chau-doc,884
638,57,886,An Phú,huyen-an-phu,886
639,57,887,Tân Châu,thi-xa-tan-chau,887
640,57,888,Phú Tân,huyen-phu-tan,888
641,57,889,Châu Phú,huyen-chau-phu,889
642,57,890,Tịnh Biên,huyen-tinh-bien,890
643,57,891,Tri Tôn,huyen-tri-ton,891
644,57,892,Châu Thành,huyen-chau-thanh,892
645,57,893,Chợ Mới,huyen-cho-moi,893
646,57,894,Thoại Sơn,huyen-thoai-son,894
647,58,899,Rạch Giá,thanh-pho-rach-gia,899
648,58,900,Hà Tiên,thanh-pho-ha-tien,900
649,58,902,Kiên Lương,huyen-kien-luong,902
650,58,903,Hòn Đất,huyen-hon-dat,903
651,58,904,Tân Hiệp,huyen-tan-hiep,904
652,58,905,Châu Thành,huyen-chau-thanh,905
653,58,906,Giồng Riềng,huyen-giong-rieng,906
654,58,907,Gò Quao,huyen-go-quao,907
655,58,908,An Biên,huyen-an-bien,908
656,58,909,An Minh,huyen-an-minh,909
657,58,910,Vĩnh Thuận,huyen-vinh-thuan,910
658,58,911,Phú Quốc,thanh-pho-phu-quoc,911
659,58,912,Kiên Hải,huyen-kien-hai,912
660,58,913,U Minh Thượng,huyen-u-minh-thuong,913
661,58,914,Giang Thành,huyen-giang-thanh,914
662,59,916,Ninh Kiều,quan-ninh-kieu,916
663,59,917,Ô Môn,quan-o-mon,917
664,59,918,Bình Thuỷ,quan-binh-thuy,918
665,59,919,Cái Răng,quan-cai-rang,919
666,59,923,Thốt Nốt,quan-thot-not,923
667,59,924,Vĩnh Thạnh,huyen-vinh-thanh,924
668,59,925,Cờ Đỏ,huyen-co-do,925
669,59,926,Phong Điền,huyen-phong-dien,926
670,59,927,Thới Lai,huyen-thoi-lai,927
671,60,930,Vị Thanh,thanh-pho-vi-thanh,930
672,60,931,Ngã Bảy,thanh-pho-nga-bay,931
673,60,932,Châu Thành A,huyen-chau-thanh-a,932
674,60,933,Châu Thành,huyen-chau-thanh,933
675,60,934,Phụng Hiệp,huyen-phung-hiep,934
676,60,935,Vị Thuỷ,huyen-vi-thuy,935
677,60,936,Long Mỹ,huyen-long-my,936
678,60,937,Long Mỹ,thi-xa-long-my,937
679,61,941,Sóc Trăng,thanh-pho-soc-trang,941
680,61,942,Châu Thành,huyen-chau-thanh,942
681,61,943,Kế Sách,huyen-ke-sach,943
682,61,944,Mỹ Tú,huyen-my-tu,944
683,61,945,Cù Lao Dung,huyen-cu-lao-dung,945
684,61,946,Long Phú,huyen-long-phu,946
685,61,947,Mỹ Xuyên,huyen-my-xuyen,947
686,61,948,Ngã Năm,thi-xa-nga-nam,948
687,61,949,Thạnh Trị,huyen-thanh-tri,949
688,61,950,Vĩnh Châu,thi-xa-vinh-chau,950
689,61,951,Trần Đề,huyen-tran-de,951
690,62,954,Bạc Liêu,thanh-pho-bac-lieu,954
691,62,956,Hồng Dân,huyen-hong-dan,956
692,62,957,Phước Long,huyen-phuoc-long,957
693,62,958,Vĩnh Lợi,huyen-vinh-loi,958
694,62,959,Giá Rai,thi-xa-gia-rai,959
695,62,960,Đông Hải,huyen-dong-hai,960
696,62,961,Hoà Bình,huyen-hoa-binh,961
697,63,964,Cà Mau,thanh-pho-ca-mau,964
698,63,966,U Minh,huyen-u-minh,966
699,63,967,Thới Bình,huyen-thoi-binh,967
700,63,968,Trần Văn Thời,huyen-tran-van-thoi,968
701,63,969,Cái Nước,huyen-cai-nuoc,969
702,63,970,Đầm Dơi,huyen-dam-doi,970
703,63,971,Năm Căn,huyen-nam-can,971
704,63,972,Phú Tân,huyen-phu-tan,972
705,63,973,Ngọc Hiển,huyen-ngoc-hien,973